{
	"page": {
		"label": "TRANSLATE.INPUTDEFAULTS.HEADLINE"
	},
	"sections": [
		{
			"id": "section_defaults",
			"element": "section",
			"label": "TRANSLATE.INPUTDEFAULTS.CONFIGHEADLINE",
			"description": "TRANSLATE.INPUTDEFAULTS.DESCRIPTION",
			"icon": "fa-cogs",
			"onSave": {
				"type": "controller",
				"endpoint": "audio_interface/minidspshd-input-defaults",
				"method": "updateInputDefaultsConfig"
			},
			"saveButton": {
				"label": "TRANSLATE.INPUTDEFAULTS.SAVE",
				"data": [
          "TOSLINK-volume",
					"TOSLINK-preset",
          "SPDIF-volume",
					"SPDIF-preset",
          "AES-EBU-volume",
					"AES-EBU-preset",
    			"RCA-volume",
					"RCA-preset",
					"XLR-volume",
					"XLR-preset",
          "USB-volume",
					"USB-preset",
					"LAN-volume",
					"LAN-preset"
				]
			},
			"content": [
				{
					"id": "TOSLINK-volume",
					"type": "text",
					"element": "input",
					"label": "TRANSLATE.INPUTDEFAULTS.L_VOLUME",
					"value": "70"
				},
				{
					"id": "TOSLINK-preset",
					"element": "select",
					"label": "TRANSLATE.INPUTDEFAULTS.L_PRESET",
					"value": { "value": 1, "label": "default" },
					"options": []
				},
        {
					"id": "SPDIF-volume",
					"type": "text",
					"element": "input",
					"label": "TRANSLATE.INPUTDEFAULTS.L_VOLUME",
					"value": "70"
				},
				{
					"id": "SPDIF-preset",
          "element": "select",
					"label": "TRANSLATE.INPUTDEFAULTS.L_PRESET",
					"value": {
						"value": "default",
						"label": "default"
					},
					"options": []
				},
        {
					"id": "AES-EBU-volume",
					"type": "text",
					"element": "input",
					"label": "TRANSLATE.INPUTDEFAULTS.L_VOLUME",
					"value": "70"
				},
				{
					"id": "AES-EBU-preset",
          "element": "select",
					"label": "TRANSLATE.INPUTDEFAULTS.L_PRESET",
					"value": {
						"value": "default",
						"label": "default"
					},
					"options": []
				},
        {
					"id": "RCA-volume",
					"type": "text",
					"element": "input",
					"label": "TRANSLATE.INPUTDEFAULTS.L_VOLUME",
					"value": "70"
				},
				{
					"id": "RCA-preset",
					"element": "select",
					"label": "TRANSLATE.INPUTDEFAULTS.L_PRESET",
					"value": {
						"value": "default",
						"label": "default"
					},
					"options": []
				},
        {
					"id": "XLR-volume",
					"type": "text",
					"element": "input",
					"label": "TRANSLATE.INPUTDEFAULTS.L_VOLUME",
					"value": "70"
				},
				{
					"id": "XLR-preset",
          "element": "select",
					"label": "TRANSLATE.INPUTDEFAULTS.L_PRESET",
					"value": {
						"value": "default",
						"label": "default"
					},
					"options": []
				},
        {
					"id": "USB-volume",
					"type": "text",
					"element": "input",
					"doc": "TRANSLATE.INPUTDEFAULTS.D_VOLUME",
					"label": "TRANSLATE.INPUTDEFAULTS.L_VOLUME",
					"value": "70"
				},
				{
					"id": "USB-preset",
          "element": "select",
					"label": "TRANSLATE.INPUTDEFAULTS.L_PRESET",
					"value": {
						"value": "default",
						"label": "default"
					},
					"options": []
				},
        {
					"id": "LAN-volume",
					"type": "text",
					"element": "input",
					"label": "TRANSLATE.INPUTDEFAULTS.L_VOLUME",
					"value": "70"
				},
				{
					"id": "LAN-preset",
          "element": "select",
					"doc": "TRANSLATE.INPUTDEFAULTS.D_PRESET",
					"label": "TRANSLATE.INPUTDEFAULTS.L_PRESET",
					"value": {
						"value": "default",
						"label": "default"
					},
					"options": []
				}
			]
		}
	]
}
